<?xml version="1.0" encoding="UTF-8"?>
<beans xmlns="http://www.springframework.org/schema/beans"
	xmlns:xsi="http://www.w3.org/2001/XMLSchema-instance"
	xmlns:security="http://www.springframework.org/schema/security"
	xsi:schemaLocation="
		http://www.springframework.org/schema/beans 
		http://www.springframework.org/schema/beans/spring-beans.xsd
		http://www.springframework.org/schema/security 
		http://www.springframework.org/schema/security/spring-security.xsd">

	<!-- bean -->
	<bean id="customLoginSuccess" class="org.zerock.security.CustomLoginSuccessHandler"></bean>
	<!-- <bean id="customPasswordEncoder" class="org.zerock.security.CustomNoOpPasswordEncoder"></bean> -->
	<!-- bcrypt -->
	<bean id="bcryptPasswordEncoder" class="org.springframework.security.crypto.bcrypt.BCryptPasswordEncoder" />
	<bean id="customUserDetailsService" class="org.zerock.security.CustomUserDetailsService"></bean>

	<!-- 기본 URL 접근 정책 -->
	<security:http>
		<security:intercept-url pattern="/sample/all" access="permitAll" />
		<security:intercept-url pattern="/sample/member" access="hasRole('ROLE_MEMBER')" />
		<security:intercept-url pattern="/sample/admin" access="hasRole('ROLE_ADMIN')" />
		
		<!-- CSRF 비활성화 (주의: 개발용만) -->
		<!-- <security:csrf disabled="true"/> -->
		
		<!-- 기본 로그인폼 자동생성 처리 -->
		<security:form-login login-page="/customLogin" authentication-success-handler-ref="customLoginSuccess" />
		
		<!-- 에러페이지 연결 -->
		<security:access-denied-handler error-page="/accessError" />
		
		<!-- customLogout 등록 -->
		<security:logout logout-url="/customLogout" invalidate-session="true" delete-cookies="remember-me,JSESSION_ID" />
		
		<!-- id 저장(기억). 604800(7일) -->
		<security:remember-me data-source-ref="dataSource" token-validity-seconds="604800" />
	</security:http>
	
	<!-- 사용자 인증 설정 -->
	<!-- (1) id, pw를 HardCoding -->
	<!-- <security:authentication-manager>
		<security:authentication-provider>
			<security:user-service>
				<security:user name="member" password="{noop}member" authorities="ROLE_MEMBER" />
				<security:user name="admin" password="{noop}admin" authorities="ROLE_MEMBER,ROLE_ADMIN" />
			</security:user-service>
			
		</security:authentication-provider>
	</security:authentication-manager> -->
	
	<!-- (2) security에서 정해놓은 users, authorities를 그대로 사용하는 방법 -->	
	<!--<security:authentication-manager> 
		<security:authentication-provider> 
			<security:jdbc-user-service data-source-ref="dataSource" />	
			<security:password-encoder ref="customPasswordEncoder" />			
		</security:authentication-provider> 
	</security:authentication-manager> -->
	
	<!-- (3) 사용자가 직접 table을 만들어서 하는 방법. sql을 직접 작성. dataSource:Hikari(root_context.xml) -->
	<!-- <security:authentication-manager> 
		<security:authentication-provider> 
			<security:jdbc-user-service data-source-ref="dataSource" />
			<security:jdbc-user-service data-source-ref="dataSource" users-by-username-query="select userid , userpw 
			, enabled from tbl_member where userid = ? " authorities-by-username-query="select userid, auth from tbl_member_auth where userid = ? " />
			<security:password-encoder ref="customPasswordEncoder" />
			<security:password-encoder ref="bcryptPasswordEncoder" />
		</security:authentication-provider> 
	</security:authentication-manager> -->

	<!-- (4) 사용자가 직접 table, userDetailsService를 만들어서 사용하는 방법 -->
	<security:authentication-manager>
		<security:authentication-provider user-service-ref="customUserDetailsService">
			<security:password-encoder	ref="bcryptPasswordEncoder" />
		</security:authentication-provider>
	</security:authentication-manager>
	
</beans>